training loss,out_0,out_1,epoch,step
1.0272653102874756,-0.014122361317276955,-0.013540924526751041,24,49
0.9690771102905273,0.015038718469440937,0.015582851134240627,49,99
0.9109259843826294,0.04497728869318962,0.04557553678750992,74,149
0.8483457565307617,0.07829195261001587,0.07894312590360641,99,199
0.7846426963806152,0.1135370284318924,0.1141994297504425,124,249
