training loss,out_0,out_1,epoch,step
2.044365644454956,-0.43042781949043274,-0.4298131465911865,24,49
1.950767993927002,-0.39737406373023987,-0.3966989517211914,49,99
