training loss,out_0,out_1,epoch,step
1.3656408786773682,-0.168951615691185,-0.16860640048980713,24,49
