training loss,out_0,out_1,epoch,step
0.8899608850479126,0.061249442398548126,0.05662265419960022,24,49
0.8152532577514648,0.09477467834949493,0.09708625823259354,49,99
0.7456466555595398,0.12454462051391602,0.13649164140224457,74,149
0.6798986792564392,0.15077608823776245,0.17544032633304596,99,199
0.6169012188911438,0.17362016439437866,0.21456938982009888,124,249
0.555660605430603,0.19310076534748077,0.2545735239982605,149,299
0.4953271746635437,0.20909950137138367,0.29620516300201416,174,349
0.43526580929756165,0.22137795388698578,0.3402532637119293,199,399
