training loss,out_0,out_1,epoch,step
1.1233162879943848,0.06697770208120346,-0.05986613407731056,24,49
1.10109543800354,0.06648801267147064,-0.049330998212099075,49,99
1.0812877416610718,0.06582215428352356,-0.0398498959839344,74,149
1.0635318756103516,0.06507319957017899,-0.03127680718898773,99,199
1.047569751739502,0.06434506177902222,-0.02350858598947525,124,249
1.0332096815109253,0.06375318020582199,-0.01646924763917923,149,299
