training loss,out_0,out_1,epoch,step
1.0348013639450073,-0.017435146495699883,-0.01725189946591854,24,49
1.0166137218475342,-0.00843343511223793,-0.00827260222285986,49,99
